id,name,code,reason,date,close,zhangdie,zhangfu,huanshou,chengjiaoe,chengjiaoliang,ddejingliang,market
90528838,*ST建艺,002789,庭外重组+债务豁免+珠海国资,2026-06-18,14.87,0.71,5.014,0.14,334,2247,0.0,33
90528841,爱迪特,301580,氧化锆替代+口腔种植医保+外销龙头,2026-06-18,63.17,10.53,20.004,3.45,21988,34807,0.0,33
90528848,冰轮环境,000811,数据中心液冷+拟收购整合+权益分派+烟台国资,2026-06-18,40.17,3.65,9.995,0.43,17019,42367,0.0,33
90528850,华瓷股份,001216,氧化锆粉体+齿科材料+高分红+定增完成,2026-06-18,17.4,1.58,9.987,2.1,4804,27612,0.0,33
90528851,东方锆业,002167,锆材料+固态电池+定增,2026-06-18,16.13,1.47,10.027,3.73,45613,282787,0.0,33
90528865,长裕集团,603407,氧氯化锆+陶瓷载板+光通讯+业绩增长,2026-06-18,68.04,6.19,10.008,6.55,16010,23530,3.47,17
90528874,中嘉博创,000889,算力销售+通信服务+追索7.25亿款项,2026-06-18,4.02,0.37,10.137,5.3,18523,461349,0.0,33
90528887,祥龙电业,600769,存算基地+供水+武汉国资,2026-06-18,19.16,1.74,9.989,1.44,10359,54067,0.86,17
90528996,*ST艾艾,603580,摘帽进展+新能源电池配件+扭亏为盈,2026-06-18,27.35,1.3,4.99,1.84,6563,24071,0.0,22
90529020,通鼎互联,002491,光纤光缆+产能扩张+数据中心,2026-06-18,31.58,2.87,9.997,4.71,172539,554441,0.0,33
90529024,旭光电子,600353,氮化铝+可控核聚变+定增受理,2026-06-18,42.01,3.82,10.003,3.94,135691,326512,0.3,17
90529034,三祥新材,603663,锆铪分离+锆系新材+半导体材料+固态电池,2026-06-18,87.49,7.95,9.995,4.42,162425,186814,0.88,17
90529039,艾华集团,603989,MLPC+AI服务器+铝电解电容+薄膜电容,2026-06-18,41.5,3.77,9.992,1.35,22041,53717,0.34,17
90529050,贤丰控股,002141,覆铜板+PCB上游+扭亏为盈,2026-06-18,4.71,0.43,10.047,5.39,25776,556851,0.0,33
90529062,丰元股份,002805,磷酸铁锂+固态电池+一季报扭亏,2026-06-18,26.88,2.44,9.984,11.12,82841,310097,0.0,33
90529098,立航科技,603261,摘帽+航空装备+无人机,2026-06-18,44.77,4.07,10.0,3.39,11657,26263,0.0,17
90529148,晶升股份,688478,碳化硅+半导体设备+订单增长,2026-06-18,80.44,13.41,20.006,4.02,43072,55656,0.8,17
90529167,中京电子,002579,定增通过+PCB+高阶HDI+AIPC,2026-06-18,20.32,1.85,10.016,12.15,142212,708702,0.0,33
90529224,江西铜业,600362,阴极铜龙头+新材料+中期票据,2026-06-18,53.31,4.85,10.008,6.0,658053,1246057,1.39,17
90529229,ST东尼,603595,一季报增长+碳化硅+减持落地,2026-06-18,28.97,1.38,5.002,1.19,7972,27683,0.0,22
90529258,共达电声,002655,激光加工+拟控股浙江镝嘉+车载声学+增持,2026-06-18,42.61,3.87,9.99,10.52,161577,382824,0.0,33
90529264,海欣股份,600851,创新药+APDC三期+医药制造,2026-06-18,8.04,0.73,9.986,2.28,13377,168074,0.4,17
90529266,华达科技,603358,分红派息+人形机器人+新能源车零部件,2026-06-18,39.4,3.58,9.994,6.32,114597,291974,0.0,17
90529316,*ST起步,603557,童装童鞋+铝业+ST板块,2026-06-18,4.36,0.21,5.06,1.02,2734,63458,0.0,22
90529394,康欣新材,600076,半导体并购+集装箱地板+无锡国资,2026-06-18,3.67,0.33,9.88,2.2,10579,296112,0.96,17
90529424,金博股份,688598,氮化铝+碳陶制动盘+人形机器人,2026-06-18,59.75,9.96,20.004,14.99,177474,305204,0.64,17
90529468,恒通股份,603223,港口物流+LNG+一季报增长,2026-06-18,10.16,0.92,9.957,2.19,15350,154586,0.51,17
90529591,智微智能,001339,算力+人形机器人+定增募资+一季报增长,2026-06-18,126.93,11.54,10.001,6.22,96630,77465,0.0,33
90529595,博云新材,002297,硬质合金+商业航天+培育钻石+湖南国资,2026-06-18,28.36,2.58,10.008,20.56,329249,1178510,0.0,33
90529851,美畅股份,300861,碳化硅切割+钨丝金刚线+一季报增长,2026-06-18,24.32,4.05,19.98,10.6,105752,447007,0.0,33
90529895,天润工业,002283,大缸径曲轴+数据中心+机器人+重卡曲轴龙头,2026-06-18,11.07,1.01,10.04,4.3,47166,431474,0.0,33
90529922,中天精装,002989,FCBGA封装基板+HBM+半导体转型+浙江国资,2026-06-18,37.37,3.4,10.009,11.37,76129,208502,0.0,33
90529995,抚顺特钢,600399,商业航天+军工特钢+不锈钢,2026-06-18,4.69,0.43,10.094,3.91,35284,770766,1.25,17
90530001,晋拓股份,603211,人形机器人+机器人零部件+汽车零部件,2026-06-18,36.44,3.31,9.991,3.37,32516,91703,0.66,17
90530082,奥康国际,603001,质押解除+皮鞋+C2M+扭亏,2026-06-18,11.89,1.08,9.991,10.14,47416,406653,0.53,17
90530122,*ST东易,002713,算力产业+增资子公司+家装AI,2026-06-18,10.87,0.52,5.024,1.59,8997,83701,0.0,33
90530304,中稀有色,600259,稀土涨价+广东稀土矿+央企+一季报增长,2026-06-18,116.28,10.57,9.999,9.94,381595,334292,0.94,17
90530310,*ST和科,002816,摘帽预期+机器人线束+半导体设备+颖泉国资,2026-06-18,28.46,1.36,5.019,4.42,12444,44249,0.0,33
90530452,意华股份,002897,高速连接器+华为链+液冷散热+CPO,2026-06-18,96.8,8.8,10.0,7.13,122582,130100,0.0,33
90530478,盛和资源,600392,稀土+江阴加华投产+央企+一季报增长,2026-06-18,31.66,2.88,10.007,15.23,831137,2669646,1.63,17
90530545,亨通股份,600226,铜箔增资+PCB概念+电解铜箔,2026-06-18,9.76,0.89,10.034,7.66,215677,2278047,0.77,17
90530579,龙高股份,605086,提锂量产+高岭土+紫金矿业入股+福建国资,2026-06-18,30.17,2.74,9.989,2.12,11237,38059,0.49,17
90530700,国安股份,000839,AI语料+网络安全+央企,2026-06-18,2.85,0.26,10.039,2.31,25125,903661,0.0,33
90530707,黑猫股份,002068,超级电容+炭黑龙头+超导电炭黑,2026-06-18,10.45,0.95,10.0,4.7,35033,345456,0.0,33
90530811,北京利尔,002392,硅碳负极+收购联创锂能+耐火材料+AI芯片,2026-06-18,8.81,0.8,9.988,3.11,31059,360221,0.0,33
90530883,博迁新材,605376,递表港交所+MLCC镍粉+AI算力+业绩增长,2026-06-18,231.31,21.03,10.001,3.78,221763,98832,0.56,17
90530935,万泽股份,000534,燃气轮机叶片+高温合金+微生态活菌,2026-06-18,32.36,2.94,9.993,4.09,64866,204945,0.0,33
90530954,海亮股份,002203,AI散热+铜箔+固态电池+一季报增长,2026-06-18,25.52,2.32,10.0,3.55,194230,785434,0.0,33
90531130,碧兴物联,688671,数字水利+物联网+AI应用,2026-06-18,30.78,5.13,20.0,12.41,16988,58121,2.04,17
90531160,世名科技,300522,电子级碳氢树脂+PCB概念+光刻胶,2026-06-18,19.21,3.2,19.988,18.66,89587,490912,0.0,33
90531288,江南新材,603124,PCB铜基新材料+铜球扩产+液冷散热,2026-06-18,211.31,19.21,10.0,5.59,89685,43408,0.55,17
90531966,韩建河山,603616,拟收购PEEK材料+中标水利大单+PCCP管材,2026-06-18,6.46,0.59,10.051,14.45,34808,555113,4.06,17
90532371,埃斯顿,002747,人形机器人+工业机器人出货量第一+具身智能,2026-06-18,36.5,3.32,10.006,9.32,257806,729034,0.0,33
90532911,威派格,603956,液冷泵+智慧水务+六张网建设,2026-06-18,4.98,0.45,9.934,3.94,10785,224743,1.03,17
90533239,常润股份,603201,千斤顶龙头+跨境电商+泰国产能,2026-06-18,19.28,1.75,9.983,5.13,18180,96579,0.37,17
90533303,天娱数科,002354,3D视觉+具身智能数据集+算力租赁+AI营销,2026-06-18,7.73,0.7,9.957,23.03,277130,3743585,0.0,33
90533326,华森制药,002907,创新药+中成药国际化+仿创结合,2026-06-18,13.3,1.21,10.008,3.52,15371,118190,0.0,33
90533714,九安医疗,002432,参股月之暗面+拟投资阶跃星辰+AI医疗,2026-06-18,73.51,6.68,9.996,4.78,157671,222515,0.0,33
90534347,*ST正平,603843,绿色算力+智算科技+预重整+矿业,2026-06-18,8.8,0.42,5.012,2.6,15906,181821,0.0,22
90534360,裕太微,688515,定增+高速通信芯片+人形机器人,2026-06-18,238.8,39.8,20.0,14.19,161525,70702,1.92,17
90534407,兴业科技,002674,机器人电子皮肤+汽车内饰皮革+一季报增长,2026-06-18,17.9,1.63,10.018,7.97,40618,233087,0.0,33
90534434,香江控股,600162,豪宅项目获奖+家居商贸+广州地产,2026-06-18,3.58,0.33,10.154,8.33,92718,2721003,1.23,17
90534507,长江材料,001296,非金属材料+覆膜砂龙头+3D打印,2026-06-18,20.56,1.87,10.005,12.42,19193,95763,0.0,33
90535038,阳光股份,000608,商业运营+数字科技+摘帽,2026-06-18,7.59,0.69,10.0,5.5,30128,409854,0.0,33
90535124,合锻智能,603011,PCB层压设备+光模块结构件+核聚变概念,2026-06-18,39.55,3.6,10.014,10.7,202838,528979,1.49,17
90535211,龙星科技,002442,炭黑龙头+绿色低碳,2026-06-18,5.48,0.5,10.04,8.08,21006,398018,0.0,33
90536194,梦百合,603313,智能床+美国产能+实控人代偿应收款,2026-06-18,5.56,0.51,10.099,3.71,11323,211699,0.89,17
90537075,光迅科技,002281,3.2T硅光NPO+CPO+定增+央企,2026-06-18,266.2,24.2,10.0,5.25,1047779,409673,0.0,33
90538916,众生药业,002317,减肥药+创新药+流感,2026-06-18,22.9,2.08,9.99,4.06,67812,309314,0.0,33
90539555,昭衍新药,603127,创新药CRO+实验猴涨价+股权激励,2026-06-18,35.66,3.24,9.994,4.38,95189,275854,0.93,17
90541169,汉钟精机,002158,半导体真空泵+AIDC液冷+一季报增长,2026-06-18,34.35,3.12,9.99,3.96,70065,211468,0.0,33
90542084,卓郎智能,600545,电子布设备+华为合作+纺织机械,2026-06-18,7.25,0.66,10.015,9.66,119619,1727931,1.11,17
90555951,东方国信,300166,算力租赁+智算中心+AI云平台,2026-06-18,18.7,3.12,20.026,21.78,348730,1972748,0.0,33
90555957,易德龙,603380,AI服务器+机器人+海外扩产+EMS,2026-06-18,41.03,3.73,10.0,2.56,16123,41077,0.74,17
90556512,盛剑科技,603324,半导体附属装备+电子化学品+股权激励,2026-06-18,43.1,3.92,10.005,12.44,76525,183728,0.68,17
90557382,麦捷科技,300319,英伟达电感+光模块+深圳国资,2026-06-18,27.76,4.63,20.017,21.19,458002,1803893,0.0,33
90557528,新广益,301687,PCB+特种膜+新能源材料+国产替代,2026-06-18,82.44,13.74,20.0,40.48,92092,119547,0.0,33
90557982,鑫宏业,301310,高速铜缆连接+人形机器人线缆+可控核聚变,2026-06-18,46.75,7.79,19.995,36.6,100085,223204,0.0,33
90558127,中瓷电子,003031,光通信陶瓷外壳+SiC功率器件+央企,2026-06-18,176.29,16.03,10.003,4.66,269346,158477,0.0,33
90558676,品高股份,688227,算力租赁+AI芯片+云计算,2026-06-18,102.3,17.05,20.0,10.49,113476,118604,0.78,17
90558955,恒为科技,603496,算力服务+华为钻石伙伴+中标中国移动,2026-06-18,26.74,2.43,9.996,8.52,70662,272859,2.11,17
90559363,奥美医疗,002950,医用敷料出口第一+员工持股计划+拟实施分红,2026-06-18,9.82,0.89,9.966,5.19,21047,222880,0.0,33
90560359,三特索道,002159,自然景点+索道+国企改革,2026-06-18,14.37,1.31,10.031,8.11,15636,112268,0.0,33
90560479,九州一轨,688485,硅光+半导体+金刚石+轨交减振降噪,2026-06-18,67.9,11.32,20.007,14.78,83596,131170,0.35,17
90563238,洁美科技,002859,MLCC离型膜+HVLP铜箔+转债强赎,2026-06-18,99.73,9.07,10.004,6.46,249810,262271,0.0,33
90563273,太极实业,600667,HBM后工序+存储芯片+先进封装+无锡国资,2026-06-18,20.92,1.9,9.99,17.67,741014,3695765,1.05,17
90563284,北自科技,603082,机器人+智能物流+收购穗柯智能+央企,2026-06-18,41.03,3.73,10.0,26.31,42160,106690,2.6,17
90563675,天海电子,001365,人形机器人+储能连接器+汽车线束龙头+广州国资,2026-06-18,44.22,4.02,10.0,19.92,49105,114543,0.0,33
90564551,华体科技,603679,股份转让+华为超充+低空经济,2026-06-18,21.43,1.95,10.01,5.61,20412,99693,0.73,17
90564766,中钨高新,000657,调入深证100+AI PCB钻针+央企,2026-06-18,98.48,8.95,9.997,6.3,856825,914634,0.0,33
90564999,江钨装备,600397,钨钽铌并购+磁选装备+江西国资,2026-06-18,20.2,1.84,10.022,15.53,295605,1537511,1.54,17
90565755,天目药业,600671,青岛国资+眼科医疗+中药+年报增长,2026-06-18,17.96,1.63,9.982,5.84,12348,71114,0.59,17
90566781,和远气体,002971,电子特气+六氟化钨+减持+大宗气体,2026-06-18,67.38,6.13,10.008,18.81,188142,294223,0.0,33
90567515,领先股份,603991,半导体引线框架+半导体设备+资产重组,2026-06-18,129.69,11.79,10.0,10.19,95321,75959,0.75,17
90568720,翔鹭钨业,002842,定增通过+钨全产业链+光伏钨丝+业绩增长,2026-06-18,47.72,4.34,10.005,32.65,387035,876459,0.0,33
90569132,*ST春天,600381,摘帽预期+听花酒+大健康+西部大开发,2026-06-18,5.04,0.24,5.0,1.34,3788,78927,0.0,22
90570966,ST雪发,002485,文旅演艺+供应链物流,2026-06-18,4.91,0.23,4.915,1.37,3590,74284,0.0,33
90572560,*ST亚振,603389,锆钛矿选矿+申请摘帽+或资产注入,2026-06-18,61.27,2.92,5.004,0.63,9993,16592,0.0,22
90573086,上海机电,600835,AI算力供电+人形机器人+电梯+上海国资,2026-06-18,22.4,2.04,10.02,1.84,31820,148472,0.2,17
90574290,德创环保,603177,大气治理出海+钠离子电池+注册资本减少,2026-06-18,10.88,0.99,10.01,8.79,17748,179382,1.1,17
90574331,屹唐股份,688729,干法刻蚀设备+干法去胶+募投完成+北京国资,2026-06-18,33.07,5.51,19.993,35.45,237966,762147,0.97,17
